jigoumingcheng,title,price,renshu
北京学神IT教育,Kali零基础 Web 安全渗透工程师实战就业班,¥0922.22,856人购买
仁厚教育,sketchup2021草图大师/su建模入门到精通（最新）,¥7.72,550人购买
刘本胜,2021护士资格证考试零基础精讲课（刘本胜老师权威护资辅导）,¥576.22,9812人购买
夏桂新医护课堂,2021护士资格考试全程通关班，夏桂新主讲,¥5322.22,2人购买
艺服教育,第一期《女装制版全套深造技术》直播回放视频/服装制版打版,¥9179.22,5539人购买
武百分教育,武百分2021执业/助理医师资格考试其他考点精讲,¥07.22,3723人购买
特斯汀学院,软件测试-高级软件测试开发涨薪协议班【特斯汀学院】,¥52662,2人购买
武百分教育,武百分2021乡村全科执业助理医师考点精讲班,¥476.22,584人购买
柠檬班,软件测试高薪就业速成班11-21期,¥53822,848人购买
鱼子匠教育,商业设计90天高薪实战班【入门到精通】,¥9766.22,931人购买
牙典教育,牙典教育-2021口腔执业/助理医师vip基础精讲班,¥5162.22,5112人购买
武百分教育,武百分2021执业/助理医师资格考试泌尿系统考点精讲,¥47.22,3727人购买
华宇万维,2020新版电路基础,¥836.22,40人购买
武百分教育,武百分2021执业/助理医师资格考试儿科疾病考点精讲,¥77.22,3753人购买
京程一灯,0基础轻松学Web前端开发,¥666.22,356人购买
武百分教育,武百分2021执业/助理医师资格考试精神、神经系统考点精讲,¥77.22,3738人购买
聚心恒教育,新2021 PS 108实训班/第3代 顶配版 VIP课程【腾讯课堂认证机构】,¥8362.22,5258人购买
马士兵教育 ,JDK8新特性-stream api,¥5.22,5760人购买
柠檬班,python自动化测试第39期,¥1462.22,517人购买
马士兵教育 ,自定义注解,¥5.22,902人购买
乐搏TestPro,【乐搏】软件测试-零基础全栈就业班-【乐搏学院23-31期】,¥4162.22,840人购买
马士兵教育 ,JDK8新特性～lambda表达式,¥5.22,3774人购买
懒人医考,2021中医执业医师无忧班,¥5162.22,9人购买
马士兵教育 ,接口测试工具之Postman【马士兵教育】,¥2.23,70人购买
技美学院,Unity技术美术(Shader篇+工具篇),¥4476.22,7人购买
马士兵教育 ,马士兵亲授：99%人都会死的多线程调优难点,¥2.23 ¥5,351人购买
马哥教育,马哥Linux高端运维云计算就业班-教学总监老王主讲,¥9162.22,5764人购买
武百分教育,武百分2021执业/助理医师资格考试运动系统考点精讲,¥47.22,3728人购买
菜子学院,【2021年CPA】会计精学班,¥5376.22,823人购买
武百分教育,武百分2021执业/助理医师资格考试女性生殖系统考点精讲,¥77.22,3756人购买
北京学神IT教育,Linux高薪套餐：云计算运维就业班+云计算架构师进阶班,¥7772.22,556人购买
艾巴优教育,3dmax2020新手入门视频教程-艾巴优教育,¥876.22,3600人购买
武百分教育,武百分2021乡村全科执业助理医师实践技能班,¥07.22,501人购买
筑道教育,2021年筑道教育注册结构专业辅导课,¥8177.22,583人购买
柠檬班,软件测试从小白到高手全程班【柠檬班】第45/46期,¥4162.22,97人购买
学匠网校,2021二级建造师二建施工管理单科班,¥577.22,595人购买
武百分教育,武百分2021执业/助理医师资格考试代谢、内分泌系统考点精讲,¥17.22,3789人购买
拓薪教育,java企业级就业班,¥7622.22,39人购买
战翼CG文化教育,【直播】日系插画精英班 sai 赛璐璐 二次元插画课-海培老师,¥0262.22,137人购买
松勤软件测试,Python测试开发项目实战课程,¥53222,556人购买
武百分教育,武百分2021执业/助理医师资格考试心血管系统考点精讲,¥67.22,3739人购买
蜜蜂优课,2021高考数学全年联报,¥8762.22,6人购买
武百分教育,武百分2021乡村全科执业助理医师考试特色通关班（直播回放）,¥976.22,581人购买
卓尔谟教育,工业产品设计考研复试作品集（就业+考研+保研）【卓尔谟教育】,¥0922.22,885人购买
刘本胜,2021主管护师急速突破班,¥516.22 ¥566,3423人购买
卓尔谟教育,工业产品设计手绘基础马克笔表现实战班,¥8122.22,154人购买
夏桂新医护课堂,2021初级护师【全程无忧通关班】，含部分纸质单科试卷,¥5362.22,3人购买
刘本胜,2021护士资格证考试冲刺押题课（刘本胜老师权威护资辅导）,¥376.22,0030人购买
乐搏TestPro,【乐搏】软件测试-零基础全栈就业班-【乐搏学院27-39期】,¥4162.22,146人购买
启程学院,启程学院-二建建筑合辑,¥5262.22,4人购买
艾巴优教育,【明星套餐】CAD施工图课程+软装设计课程,¥9802.22,2人购买
尚优课教育,【零基础首选】ps零基础入门到精通,¥526.22,507人购买
太阁网络学院,【太阁】WEB前端实战项目课,¥8377.22,87人购买
艺服教育,高级男装结构与版型技术工程课程/服装制版打版,¥9122.22,501人购买
云峰网校,2021年二级建造师机电实务单科通关班【二建实务】,¥176.22,50人购买
夏桂新医护课堂,2021主管护师【全过无忧通关班】,¥5062.22,2人购买
马哥教育,【直播高薪班】2021马哥Linux云计算架构高薪班/名师亲授,¥59622,434人购买
太阁网络学院,XCIE 精英全栈课程,¥51622,570人购买
武百分教育,武百分2021执业/助理医师资格考试血液系统考点精讲,¥17.22,3720人购买
聚心恒教育,高端平面设计 就业兼职班 /PS/AI/CDR/logo/字体/印刷/版式设计,¥8322.22,080人购买
抵岸教育,省考行测精讲-录播,¥072.22,15人购买
思政教育,2021年上半年浙江省事业单位联考笔试系统班,¥5862.22,40人购买
小码哥教育,Java系列课之合辑包（52期）,¥59072,2人购买
吾思教育,吾思UG产品逆向设计+结构设计系统学习班,¥0962.22,15人购买
太阁网络学院,HCIE+CCIE双厂商融合直通车,¥56622,51人购买
马哥教育,数据分析+Py全栈+爬虫+Ai=python全能工程师-挑战年薪30万,¥6622.22,5021人购买
菜子学院,酒店餐饮业真账实操,¥977.22,335人购买
武百分教育,武百分2021执业/助理医师资格考试消化系统考点精讲,¥77.22,3737人购买
菜子学院,2021年初级会计双科完整精讲录播,¥977.22,555人购买
图灵学院,从JDK源码级别彻底剖析JVM类加载机制【图灵学院】,¥7.72,04人购买
武百分教育,武百分2021执业/助理医师资格考试传染病、性传播疾病考点精讲,¥07.22,3726人购买
誉天教育,存储HCIA+HCIP小直通车,¥0622.22,5人购买
应图马教育,古风商业插画课—第1节课如无法看，请加微信yingtuma123领取课程,¥5.22,383人购买
中艺影像,后期修图课程合辑-中艺网校,¥3762.22,8659人购买
柠檬班,软件测试之jmeter/Loadrunner高级性能测试10期,¥1362.22,582人购买
好学微客,自媒体运营|新媒体运营|微信公众号大鱼号百家号企鹅号,¥7.72,09人购买
乐才派,独立音乐人编曲训练营23届,¥0376.22,541人购买
瑞云学堂,2020年初级会计师2科目协议通关【VIP全程私教辅导每日计划任务】,¥877.22,5312人购买
新阁教育,.NET/C#全栈进阶与上位机运动控制套餐课【新阁教育】,¥54922,5人购买
若水学院,2020室内设计全案班,¥8662.22,028人购买
壹学教育,电商设计-强化进阶大师班-第五期,¥9662.22,836人购买
霍格沃兹测试学院,软件测试之JMeter高级性能测试训练营（别再用loadrunner了）,¥9022.22 ¥1222,519人购买
野马设计学院,PS软件系统培训课PS软件职业精讲案列实战演习,¥622.22,9310人购买
柠檬班,软件测试-安全测试,¥9762.22,568人购买
菜子学院,2021年初级经济法基础精讲班,¥076.22,696人购买
山本教育,山本教育素云VIP直播课堂心理咨询情感恋爱脱单课堂-第14期,¥3862.22,3711人购买
艺服教育,平面制版+立体裁剪综合制版 /平立一体互通打版/服装立体裁剪,¥9776.22,049人购买
晨夕学院,2021成人学位英语VIP课程 晨夕-自考、网教、成教,¥422.22,570人购买
新阁教育,.NET/C#全栈开发高级VIP班【新阁教育】,¥0177.22,3774人购买
艾巴优教育,【全能套餐】3DMAX效果图课程+CAD施工图课程,¥4802.22,2人购买
Swiers思唯网络学院,HCIP直通车课程（赠送HCIA直播课程）,¥0822.22,10人购买
智骋华（ZIT）,Solidworks设计应用精讲+设计流程+外购标准件+焊件,¥876.22,32人购买
插画喵教育,【插画喵-系列课】定向风格-iPad人物头像特训班,¥3362.22,428人购买
Rhino3D（犀牛）原厂中国/Shaper3d,Rhino3D(犀牛)工具讲解与应用课程（合集）,¥062.22,5170人购买
武百分教育,武百分2021执业/助理医师资格考试呼吸系统考点精讲,¥47.22,3750人购买
柠檬班,软件测试之python全栈自动化测试工程师第38期【柠檬班VIP】,¥1462.22,3674人购买
艺服教育,VIP二班级《女装制版全套深造技术》直播录播课/服装打版制版裁剪,¥3777.22,5343人购买
米你课堂,UI—C4D直通车,¥6306.22,06人购买
V研客考研在线教育,一期招生截止| 李永乐22考研数学一/三全程班,¥37777,451人购买
铭哥物理,2021届高考物理二轮直播+独立考点录播,¥3922.22,86人购买
木客教育,PS软件基础实训班,¥877.22,051人购买
誉天教育,华为网络工程师HCIE直通车高薪就业班,¥59622,57人购买
嗨森课堂,人像摄影+风光后期,¥1762.22,2人购买
好学微客,抖音运营短视频实操抖音涨粉流量变现内容营销淘宝客带货,¥2.77,5614人购买
柠檬班,软件测试之python全栈自动化测试工程师第39期【柠檬班VIP】,¥1462.22,3686人购买
松勤软件测试,软件测试之python自动化测试4(web/app/接口自动化/自动化框架）,¥1462.22,754人购买
初心教育,试讲Tset小分队（一）,¥2.52,5人购买
绘梦CG学院,场景课三期+福利课程礼包,¥3376.22,31人购买
菜子学院,2019年税务师-财务与会计精讲班,¥762.22,140人购买
思政教育,2021年杭州事业单位《综合基础知识与写作》精讲班,¥662.22,366人购买
享学课堂,Spring Cloud微服务实战,¥066.22,672人购买
V研客考研在线教育,开学大促|22考研全程班二期数学二 -李永乐,¥616.22,69人购买
应图马教育,商业插画提升班-18期,¥0862.22,00人购买
京程一灯,【严选课程】前端全栈工程师精英班,¥59622,5538人购买
应图马教育,商业插画训练营3月大促,¥2.23,5449人购买
牙典教育,牙典教育-2020口腔执业/助理医师vip基础精讲班录播视频,¥5822.22,314人购买
应图马教育,快速学会画商业插画,¥7.72,598人购买
菜子学院,2021初级致胜通关班-经济法基础,¥762.22,5268人购买
松勤软件测试,软件测试之Jmeter高级性能测试项目实战(赠送Loadrunner实战）,¥9362.22,5879人购买
爱咖邦智造学院,全套SW软件+非标自动化+项目实战+工业机器人应用+PLC,¥9366.22,583人购买
卓尔谟教育,犀牛Rhino 7/ KeyShot 10 工业产品设计建模渲染进阶课程,¥8122.22,998人购买
云艺帆教育,CAD制图全能【第一阶段.启航班】,¥622.22,6760人购买
柠檬班,软件测试之postman接口测试实战从入门到精通软件精品课,¥2.23,3756人购买
霍格沃兹测试学院,软件测试/Python 自动化测试训练营/从小白进阶到高手,¥1322.22 ¥4222,372人购买
峰源教育,【北京峰源】2019注册结构基础+专业考试精选课程,¥7.72,5735人购买
柠檬班,软件测试之python高级软件测试开发第8期【柠檬班VIP】,¥53622,082人购买
峰源教育,[北京峰源]2019注册消防考试入门+专题解析班,¥6.22,739人购买
启航先锋网校,广西统招专升本高数-基础精讲通关班提分必看/快速上岸,¥577.22,17人购买
野马设计学院,商业插画基础班,¥3962.22,555人购买
瑞云学堂,2020年中级会计师职称考试【中级财务管理-精讲班】 名师授课,¥376.22,189人购买
菜子学院,【2021年CPA】经济法精学班,¥5376.22,394人购买
北京学神IT教育,学神Linux高薪运维云计算全程班/全程直播/终身学习,¥1742.22,019人购买
应图马教育,商业插画系统班-14期,¥0462.22,5250人购买
山本教育,山本教育素云VIP第11期恋爱技巧-脱单特训班,¥8662.22,4458人购买
乐搏TestPro,【乐搏】软件测试-Python自动化提升班【10期—20期】,¥1462.22,084人购买
峰源教育,峰源注册消防实务/综合/案例精选课程,¥7.72,375人购买
稳稳,稳稳消防【2021学霸速成班】,¥072.22,5万人购买
米你课堂,平面设计就业提升班,¥5.22,049人购买
拓薪教育,Java微服务技术,¥5777.22,47人购买
鼎典教育,西门子PLC中小型系列+三菱fx系列,¥0762.22,69人购买
拓薪教育,Java分布式互联网架构/微服务/高性能/springboot/springcloud,¥8777.22,35人购买
菜子学院,会计实战全能班上岗段,¥5762.22,580人购买
艾巴优教育,室内设计CAD施工图培训班-【艾巴优教育】,¥5062.22,5456人购买
石榴课堂,2022新高一基础提高班+【微信】supermath987-宋超数学超人,¥2.77,4702人购买
华清陈工培训,2021年注册环保工程师（公共基础+环保基础）含20年,¥5576.22,33人购买
V研客考研在线教育,一期招生截止| 李永乐22考研数学二全程班,¥3777.22,355人购买
IT落地方案,Java落地方案学习路线图（真实工业界场景应用）,¥3776.22,577人购买
马哥教育,马哥高端Go语言百万并发高薪班/微服务/分布式高可用/Go高并发,¥6622.22,832人购买
菜子学院,【2021初级】21天决战初级-经济法基础,¥677.22,5287人购买
为课教育,PS/AI基础班/为课教育,¥3222.22,434人购买
菜子学院,2021初级无忧通关班-实务,¥762.22,5588人购买
石榴课堂,高一下学期地理必修二（新教材）同步课程,¥2.23,91人购买
峰源教育,【北京峰源】注册岩土专业考试【规范精讲】,¥3322.22,876人购买
华清陈工培训,2021年勘察设计（公共基础+给排水基础）含2020年视频,¥5576.22,80人购买
菜子学院,无忧就业会计精英私塾班,¥5777.22,088人购买
品格设计课堂,平面设计30天集训营（全套班）,¥3976.22,53人购买
柠檬班,软件测试之全网最全最细的Jmeter接口测试压力课程实战【柠檬班】,¥87.72 ¥176,8661人购买
逻辑教育,iOS中高级特训营V13,¥6662.22,558人购买
武百分教育,武百分2021执业/助理医师习题特训班（直播回放）,¥176.22,3751人购买
艺服教育,VIP三班级《女装制版全套深造技术》直播录播课/服装制版打版,¥5376.22,745人购买
米你课堂,总监带你学平面设计,¥2.77,5560人购买
米修在线,JS系列课程包,¥377.22,1人购买
拓薪教育,Javaweb精通尊享铂金专业培训课程（直通JavaEE就业大门）,¥3977.22,342人购买
马哥教育,2021马哥Devops运维开发高薪班,¥7622.22,537人购买
【智能社】在线课堂,【智能社】精通vue.js开发-第二期,¥5976.22,80人购买
稳稳,稳稳消防【2021综合能力】设施,¥162.22,0676人购买
云峰网校,2021二建法规精讲班二级建造师法律法规教材精讲 【云峰网校】,¥376.22,390人购买
绘伴,插画体系班4期,¥0777.22,4人购买
原画人在线学院,原画人古风角色原画设计8期【九袋掌老】,¥9772.22,526人购买
博士锁业-防盗培训,宝马-奔驰-大众奥迪-钥匙匹配,¥476.22,2人购买
应图马教育,商业插画提升班 - 15期,¥0562.22,510人购买
菜子学院,中级会计职称-名师精讲班：实务,¥771.22,9834人购买
米你课堂,零基础学摄影后期,¥2.23,678人购买
柠檬班,软件测试-java全栈自动化,¥1822.22,5523人购买
赤黄橙,C4D全能高级大神班,¥3877.22,58人购买
黄菊华,套餐-uniapp服装商城APP毕业设计 源代码（配基础课）,¥976.22,3人购买
不惑教育 ,消防安全技术实务精讲,¥677.22,4121人购买
拓薪教育,Java基础入门到精通尊享铂金专业培训课程（直通JavaEE就业大门）,¥3222.22,151人购买
菜子学院,2021年初级会计实务精讲班,¥076.22,696人购买
松勤软件测试,Web安全测试/渗透测试/软件测试,¥0762.22,869人购买
菜子学院,2021年中级三科联报一年双师+两年双师+保过班,¥0112.22,5441人购买
思政教育,2021年社区工作者考试笔试精讲班,¥762.22,13人购买
艾巴优教育,室内工装深化班,¥3562.22,5821人购买
漫优教育,原画角色全套班,¥1762.22,48人购买
云艺帆教育,Cinema 4D+OC渲染视觉,¥8322.22,369人购买
菜子学院,【官方推荐】会计精英私塾【全盘账务处理+纳税申报+汇算清缴】,¥5777.22,876人购买
拓薪教育,JavaEE企业开发技术,¥8777.22,46人购买
应图马教育,商业插画系统班-13期,¥0462.22,698人购买
雄飞电气培训,高低压电力成套设备VIP课程,¥166.22,3606人购买
战翼CG文化教育,【直播】战翼美宣巩固班- 零基础 原画 厚涂 -卉卉老师,¥5062.22,802人购买
北京学神IT教育,Linux运维RHCSA-RHCE红帽8官方授权认证考试：考前辅导+考试费,¥1772.22,064人购买
云普集教育,3D游戏建模次世代角色班【云普集教育】,¥0362.22,5284人购买
柠檬班,软件测试必备linux之xshell及xftp的安装及使用秘诀【柠檬班】,¥2.23,610人购买
聚心恒教育,2020 PS 108实训班/第3代 顶配版 VIP课程【认证机构】,¥8362.22,8983人购买
米你课堂,PS抠图秘籍大全,¥1.22,636人购买
动境教育DCG学院,次世代3D建模6+网络课 第六期,¥52262,65人购买
霍格沃兹测试学院,软件测试/Java中高级测试开发「名企定向培养」班,¥52222 ¥53222,650人购买
黄菊华,套餐-PHP+Mysql图书购物商城 毕业设计毕设教学+源代码,¥076.22,0人购买
为课教育,摄影后期实战班,¥3977.22,3453人购买
柠檬班,软件测试之java自动化测试入门,¥2.23,3106人购买
小任老师,2021年软考系统分析师-综合知识精讲视频培训课程,¥077.22,10人购买
石榴课堂,高考数学大招秀+2019高考数学真题精+【微信】supermath987,¥2.23,3万人购买
思政教育,公务员考试—无忧计划,¥762.22,502人购买
柠檬班,软件测试之全面详解并实操SoapUI接口测试实战课程【柠檬班】,¥2.23,106人购买
石榴课堂,不等式所有题型全攻略+【微信】supermath987-宋超数学超人,¥2.20,8万人购买
百艺汇聚 ,MAYA角色动画师就业班—通往大神之路【百艺汇聚】,¥50622,93人购买
柠檬班,软件测试之零基础学GIT版本控制（从入门到精通）【柠檬班】,¥2.23,5578人购买
菜子学院,【禾苗】初级实务精讲回放,¥876.22,923人购买
SPOTO思博网络,HCNA录播课 完整版 华为认证网络工程师 理论+项目实战,¥76.22,82万人购买
石榴课堂,2017高考数学理科I II III卷真题超精细+【微信】supermath987,¥5.22,0295人购买
柠檬班,软件测试之robotframework自动化测试框架从入门到精通,¥2.23,067人购买
六星教育,php/golang架构师进阶-swoole多任务处理中心实战高级微服务-六星,¥7.72,84人购买
战翼CG文化教育,零基础绘画入门课-日系风格-战翼大丸老师,¥5062.22,5294人购买
石榴课堂,2020高考数学导数秒杀技巧试听大全+【微信】supermath987,¥2.23,5万人购买
柠檬班,软件测试零基础快速入门/拿下offer【柠檬班】,¥2.23,5万人购买
菜子学院,2019年中级财务管理精讲班,¥976.22,0711人购买
聚心恒教育,摄影后期/影楼 精修 调色 风景 人像 合成 商业修图/ 聚心恒,¥3122.22,941人购买
博士锁业-防盗培训,汽车防盗电子全能班,¥9076.22,8人购买
小任老师,2021软考-系统集成项目管理工程师上午历年真题解析视频(第四期),¥77.22,331人购买
艺蜂教育,平面设计-全套班第六期,¥6662.22,58人购买
巧匠课堂,版式设计全能班,¥3662.22,884人购买
黄菊华,套餐-uniapp母婴用品商城APP毕设 源代码（配基础课）,¥976.22,3人购买
黄埔课堂,HTML5前端+全栈从基础到就业班,¥5776.22,866人购买
黄菊华,套餐-uniapp图书商城APP毕业设计 源代码（配基础课）,¥976.22,8人购买
云峰网校,云峰消防2021一级注册消防工程师技术实务精讲班,¥677.22,8523人购买
云普集教育,游戏原画基础班【云普集教育】,¥3162.22,586人购买
51RGB在线教育,全栈UI设计师套餐班,¥52777,79人购买
柠檬班,软件测试管理测试经理测试总监测试高管课程第1-2期,¥0922.22,587人购买
瑞云学堂,2020年中级会计师职称考试【中级会计实务-精讲班】 名师授课,¥376.22,143人购买
云峰网校,2021二建机电实务教材精讲班二级建造师机电管理与实务-云峰网校,¥076.22,331人购买
菜子学院,【田心】初级经济法基础精讲回放,¥876.22,927人购买
松勤软件测试,【松勤】软件测试0基础到项目实战系统学习全栈班,¥4162.22,5799人购买
黄菊华,套餐-公开课选修课报名抢座小程序 毕业设计 源代码,¥477.22,2人购买
柠檬班,软件测试简历辅导/经典笔试面试提醒剖析拿下高薪offer【柠檬班】,¥5.22,5122人购买
菜子学院,【2021年CPA】财管精学班,¥5376.22,362人购买
艺服教育,女装版型立体裁剪,¥5322.22,46人购买
松勤软件测试,软件测试项目实战分析/简历编写/面试技巧/性能测试分享课程,¥7.62,5211人购买
小任老师,软考软件设计师套餐,¥060.22,84人购买
艾巴优教育,Phoenix FD火凤凰流体动力学插件教程-艾巴优教育,¥077.22,5904人购买
云青教育,java就业班阶段2,¥57622,58人购买
松勤软件测试,【松勤】软件测试面试/职业规划/简历编写/真题讲解,¥2.23,064人购买
卓尔谟教育,2022工业产品设计考研史论80讲【卓尔谟教育】,¥5622.22,447人购买
启航先锋网校,宁夏统招专升本英语-常考题库密训班(考前刷题速提分),¥366.22,92人购买
柠檬班,软件测试之Loadrunner/Jmeter 高级性能测试实战试听课,¥2.23,5170人购买
云普集教育,3D传统游戏手绘角色班【云普集教育】,¥8662.22,5851人购买
松勤软件测试,【松勤】软件测试/APP测试/面试之测试工具（fiddler/monkey/git),¥2.23,996人购买
拓薪教育,Java企业级就业在线培训班,¥9177.22,992人购买
初心教育,2022年二外日语203+二外自命题日语全程班,¥9273.22,06人购买
松勤软件测试,【松勤】软件测试之软件成熟度模型,¥3.22,8人购买
应图马教育,【自由设计师】平面设计+接单系统课,¥8762.22,84人购买
柠檬班,软件测试-TCP/IP网络知识必备及Wireshark抓包工具详解,¥2.23,5948人购买
江西高校教育文化发展有限公司,高校教育2021江西教招学科专业——体育,¥5562.22,550人购买
渡一教育,前端权威0基础入门 + Web百大项目案例,¥5.22 ¥777,3万人购买
柠檬班,软件测试0基础小白快速入门精品课2020最新【柠檬班】,¥2.23,114人购买
松勤软件测试,【松勤】软件测试/小程序测试/测试思维能力提升课,¥2.23,800人购买
峰源教育,【北京峰源】地基基础结构设计实战班,¥3277.22,5845人购买
艾巴优教育,室内设计风格解析-欧式风格详解-艾巴优教育,¥376.22,3526人购买
柠檬班,软件测试-python自动化-编程基础,¥2.23,638人购买
书歌课堂,2022高考数学全程班 sugar王梦抒,¥8762.22,55人购买
石榴课堂,2018年全国理数ⅠⅡⅢ卷江苏浙江天津北京卷【微信】supermath987,¥7.72,9057人购买
易道云学院,C语言/C++逆向安全工程师培养计划 游戏反外挂/漏洞挖掘/病毒分析,¥9162.22,9人购买
菜子学院,【2021初级】21天决战初级-实务,¥677.22,5287人购买
渡一教育,"Java零基础入门到精通Ⅱ [类的关系,工具类,集合,泛型,设计模式]",¥522.22,3549人购买
菜子学院,中级会计职称-名师精讲班：财管,¥771.22,1963人购买
松勤软件测试,【松勤】软件测试/自动化测试/测试工具/面试/环境搭建-Jenkins,¥2.23,018人购买
晴教育,全天封闭班 3.13~3.26上课,¥3762.22,511人购买
菜子学院,2021初级无忧通关班-经济法基础,¥762.22,5583人购买
拓薪教育,哈米在线音乐Java互联网实战项目,¥5777.22,552人购买
为课教育,C4D基础到进阶班（VIP）为课教育,¥3577.22,3135人购买
51RGB在线教育,PS /PS修图教程/PS磨皮/PS 人像修图技法全集,¥7.72,3420人购买
深柳堂设计学院,室内设计全套课程,¥0212.22,56人购买
润木艺术,【VIP】3DMAX室内外效果图 /家具/景观/园林/建筑/展览/硬装/软装,¥3776.22,6人购买
武百分教育,武百分临床执业/助理医师考试实践技能课程,¥576.22,8万人购买
艾巴优教育,室内设计风格解析-美式全面详解-艾巴优教育,¥376.22,3527人购买
峰源教育,【北京峰源】安装造价之（消防）实战专项班,¥5276.22,0797人购买
云峰网校,2021二建管理精讲班二级建造师建设工程施工管理教材【云峰网校】,¥376.22,396人购买
艺服教育,第二期VIP一班级《女装制版全套技术》直播回放视频/服装制版打版,¥5876.22,005人购买
王羽课堂,【大仙儿语文】高中语文全面提升专题课合集,¥0422.22,8人购买
深圳水晶石技术培训有限公司,影视后期全能班AE+PR（新春特惠）,¥8177.22,8人购买
朱仕平,Office三合一VIP班 包含Excel+Word+PPT+二级题目,¥177.22,7人购买
菜子学院,【2021年CPA】税法精学班,¥5376.22,313人购买
思政教育,2021年浙江省公务员笔试考前冲刺班,¥762.22,555人购买
米你课堂,ps零基础到实战训练营,¥5.22,07人购买
峰源教育,框架第13期+高层第14期,¥8077.22,13人购买
米你课堂,PS集训班实战案例讲解,¥2.77,52人购买
三玖教育,UG编程实战-5天试学班,¥2.62,818人购买
京峰教育,Linux云计算高端架构班/内核调优/亿万PV优化/kubernetes/Docker/,¥4962.22,5044人购买
志华汽车科技技术培训中心,2020志华科技VIP-AAA会员课程,¥59622,38人购买
聚心恒教育,PS基础 职场必学PS入门基础课 带练习素材—聚心恒教育,¥5.22,32人购买
软谋教育,ASP.NET Core 从底层到实战【软谋/奕鼎通教育】,¥577.22,8374人购买
聚心恒教育,PS基础 入门精品课 12节 带练习素材-聚心恒教育,¥5.22,382人购买
飞鱼绘,绘本创作基础班+高级研修课,¥0012.22,2人购买
为课教育,平面设计实战/为课教育,¥5777.22,040人购买
朱有鹏物联网大讲堂,U-Boot和系统移植套餐,¥829.22,03人购买
青夏学院,【李金融化学】2021高考化学二三轮联报 直播+录播,¥3176.22,44人购买
霍格沃兹测试学院,软件测试/Python 测试开发实战进阶班,¥4822.22 ¥4622,3586人购买
筑城网校,二级结构备考合集,¥5376.22,59人购买
菜子学院,【精讲班】2020初级会计实务-以澜老师,¥376.22,696人购买
CS_XJTU_2019,21西交计算机814/912考研初试考点精讲,¥5366.22,7人购买
周哥教IT,周哥教IT.C/C++逆向基础课包,¥076.22,98人购买
青灯教育,Python数据分析高薪就业班,¥0332.22,3人购买
拓薪教育,大型分布式ssm+redis+dubbo+zookeeper+nginx+fastdfs等电商项目,¥6672.22,579人购买
筑城网校,二级机电备考合集,¥5376.22,50人购买
小任老师,2021年软考信息安全工程师--基础知识精讲(第二版2020版),¥877.22,66人购买
马丁物理,【马丁高中物理-高一下寒春联报】必修2+动量_高考,¥5912.22,53人购买
柠檬班,软件测试之MySQL数据库项目实战【柠檬班】,¥992.22,5569人购买
北京学神IT教育,3天精通Docker+K8S容器技术并搭建公司自己的私有云容器仓库,¥2.23,3848人购买
菜子学院,2021初级致胜通关班-实务,¥762.22,5260人购买
Rhino3D（犀牛）原厂中国/Shaper3d,Grasshopper 工具组件用法系统课程（合集）,¥062.22,5999人购买
聚心恒教育,2021 PS 108实训班/第3代 顶配版 VIP课程【腾讯课堂认证机构】,¥8362.22,8558人购买
拓薪教育,Java基础入门阶段（javase教程，零基础java入门教程）（阶段一）,¥177.22,439人购买
聚心恒教育,C4D /电商设计 PS美工设计 立体三维3D效果 高级实战班-聚心恒,¥3922.22,8237人购买
聚心恒教育,C4D /电商设计 PS美工设计 立体三维3D效果 高级实战班-聚心恒,¥3922.22,8237人购买
腾讯课堂NEXT学院,【NEXT学院】Vue从入门到实战,¥5977.22,558人购买
渡一教育,零基础入学：人工智能-“深度学习” 算法与实践,¥8077.22,5132人购买
筑道教育,2021年注册道路基础考试精讲班+真题班联报,¥5922.22,61人购买
小任老师,2021软考--系统集成项目管理工程师-基础知识(下) 视频课程,¥577.22,618人购买
恩维客教育,【恩维客教育】VIP室内设计效果图表现3DMAX空间表现班,¥3562.22,1671人购买
筑道教育,2021年注册结构/岩土基础考试精讲班+真题班联报,¥5622.22,511人购买
马哥教育,马哥Linux高端运维云计算就业班-随到随学+专业辅导+定期直播,¥9162.22,5493人购买
云普集教育,3D游戏建模次世代场景班【云普集教育】,¥8362.22,5502人购买
太阁网络学院,【太阁闫辉】六IE讲师教你三个月考过CCIE+HCIE,¥59922,3302人购买
米你课堂,米你课堂-摄影后期高级实战班【VIP】,¥0022.22,0245人购买
野马设计学院,野马学院【印刷/版式设计】VIP高级实战课程,¥3062.22,0030人购买
太阁网络学院,【太阁闫辉】XCNA网络认证VIP班 CCNA/HCIA,¥866.22,8337人购买
百聚汇商学院,亚马逊新品站外引流技巧,¥2.77,085人购买
峰源教育,【北京峰源】钢结构真题解析书专用,¥577.22,8640人购买
小任老师,2021软考--网络工程师-上午历年真题解析视频（第三期）,¥77.22,342人购买
百聚汇商学院,亚马逊Amazon全球开店账号注册基础实操课,¥2.77,481人购买
魔贝课凡,信息流实战训练营-SEM竞价培养明星优化师【平台政策与投放策略】,¥5576.22,543人购买
闪电课堂,【金晶生物】2021高考二三轮复习,¥3077.22,50人购买
峰源教育,北京峰源----土建造价基础班,¥5477.22,5886人购买
松勤软件测试,【松勤】软件测试公开课之Jmeter/性能测试/接口测试,¥3.22,923人购买
中艺影像,数码摄影课程合辑-中艺网校,¥3762.22,8633人购买
峰源教育,【北京峰源】一级注册结构基础13-20年真题白卷专拍,¥77.22,468人购买
六星教育,C语言零基础入门篇,¥7.72,3835人购买
马哥教育,Lvs企业级负载均衡入门到精通,¥5.22,585人购买
创景教育,powermill 工厂教学 龙门 高速 五轴 UG编程 PM编程（直播有回放,¥8962.22,0386人购买
三文猫,英语0-中级班【三文猫】,¥1762.22,3人购买
灏学在线,小学奥数系列课程合集二三四五六年级奥数,¥166.22,31人购买
三文猫,英语0-高级班【三文猫】,¥7762.22,2人购买
晨夕学院,广东自考第二外语（英语）VIP课程 00845 晨夕 直播+录播,¥622.22,95人购买
石榴课堂,高二数学经典必会技巧大放送【数学超人】,¥2.23,18人购买
小任老师,2021软考-信息系统项目管理师-基础知识(下) 新版教程,¥577.22,986人购买
石榴课堂,高一数学必会经典技巧大放送【数学超人】,¥2.23,07人购买
王羽,【高二物理】全年班--王羽物理,¥0677.22,8人购买
云普集教育,3D游戏建模手绘基础班,¥5162.22,715人购买
小任老师,2021软考--系统集成项目管理工程师-基础知识(上) 视频课程,¥577.22,795人购买
王国君,老照片修复[全套]课程,¥5376.22,51人购买
六星教育,php-swoole多任务处理中心项目实战-PHP高级开发 架构师进阶-六星,¥7.72,683人购买
享学课堂,Android移动互联网架构开发（VIP班）【享学课堂】,¥1362.22,0302人购买
六星教育,PHP-Git零基础完全解读指南【六星教育】,¥5.22,877人购买
松勤软件测试,【松勤】软件测试面试技巧+真题+简历编写+职业规划提升,¥5.22,0952人购买
六星课堂,C++五子棋游戏程序设计,¥7.72,9人购买
未来教育,计算机二级MS Office+英语四级全程班,¥317.22,5人购买
马哥教育,马哥Linux高端运维云计算架构DevOps+Docker+K8s随到随学+一对一,¥1562.22,5117人购买
六星教育,PHP全栈工程师体验班【六星教育】,¥5.22,803人购买
魔贝课凡,“60天”SEM竞价网络推广主管VIP实战训练营 【实力提升转化】,¥3677.22,0982人购买
画境CG学园,基础强化班,¥3222.22,523人购买
廖敏,新人教必修第一册+必修第二册+选择性必修一：反应原理,¥870.22,5人购买
扣丁学堂,H5大前端全栈VIP基础课,¥377.22,6324人购买
渡一教育,Java高级工程师培养计划 第八期 LevelOne,¥6777.22,69人购买
小任老师,2021软考--信息系统项目管理师-上午历年真题解析视频(三期),¥77.22,958人购买
筑城网校,二级建筑备考合集,¥5376.22,32人购买
小任老师,2021软考--信息系统项目管理师-案例分析历年真题解析视频(三期),¥577.22,922人购买
邢奇伟,官宝国学第一级别（教学版）,¥5776.22,2人购买
室内设计联盟,室内设计商业写实高级效果图渲染课vray5.004,¥077.22,34人购买
小任老师,2021软考-信息系统项目管理师-基础知识(上) 新版教程,¥577.22,134人购买
91缔范教育,PS2019软件精通班-淘宝美工班+基础入门进阶-0基础学习快速提高,¥622.22,5886人购买
六星课堂,C/C++高薪VIP体验班【六星教育】,¥2.77,106人购买
恩维客教育,【恩维客教育】VIP室内设计CAD设计谈单高级班,¥3262.22,674人购买
VipSkill,次世代角色模型,¥4666.22,5人购买
刘本胜,2021初级护师考试急速突破班（CCTV专访名师刘本胜主讲）,¥596.22 ¥566,5万人购买
湖南豪创教育科技有限公司,UG/CAD模具设计高级结构课程,¥0262.22,1人购买
三玖教育,第四阶段-四五轴编程,¥3.22,5239人购买
艾巴优教育,Vray高级材质表现-3DMAX效果图-艾巴优教育,¥077.22,5607人购买
享学课堂,VIP试听系列课,¥7.72,8人购买
大力汽修学院,大力2021春季班 汽修基础入门到精通,¥9622.22,0627人购买
云艺帆教育,UG产品数控编程加工/模具编程加工生产工艺综合设计班,¥3562.22,1976人购买
准优课堂,几何概型提分宝典,¥52.22,50人购买
太阁网络学院,【太阁闫辉】六个方向CCIE专家讲师教你CCNP+HCNP,¥9922.22,8512人购买
知行一教育,高端UI设计速成班/UI设计录播课/UI设计就业课,¥772.22,52人购买
湖南豪创教育科技有限公司,CNC编程之全面系统课程,¥9962.22,1人购买
巧匠课堂,C4D进阶课程OC渲染+IP形象,¥8362.22,857人购买
聚心恒教育,PS基础入门 /PS入门/PS 淘宝美工/PS教程/ps,¥5.22,494人购买
马哥教育,5节课掌握阿里云计算实战（2021马哥最新版）,¥7.72,85人购买
黄菊华,Java商城：JSP+JDBC+Mysql购物商城 毕设教程-含源代码,¥076.22,3人购买
小任老师,2021软考--软件设计师-基础知识实战培训视频,¥377.22,47人购买
为课教育,电商美工实战就业班/为课教育,¥3977.22,5242人购买
小任老师,2021年软考系统分析师--上午历年真题解析视频培训课程,¥77.22,99人购买
贪心学院,10周成为数据分析师,¥6277.22,083人购买
SPOTO思博网络,CCNP直播课 Cisco思科认证网络工程师【SPOTO思博】,¥3772.22,5323人购买
峰源造价学堂,【峰源造价】安装造价之(建筑电气+招投标）专项实战班,¥477.22,2人购买
六星教育,Python高薪VIP爬虫体验班【六星教育】,¥7.72,743人购买
好机友摄影 雷波,X-T1摄影入门到精通,¥376.22,0人购买
享学课堂,Android高级UI-自定义ViewGroup与 UI性能优化,¥577.22,3126人购买
拓薪教育,Java框架项目尊享铂金专业培训课程,¥3777.22,393人购买
文开教育,2021广西区直遴选速成课,¥3362.22,5人购买
米你课堂,平面实战高薪就业班（高级班）,¥3422.22,8098人购买
新盟教育,2020最新版CCNA精讲教程-实战版 - 康sir,¥2.77,86人购买
纯粹教育设计网校,纯粹-2020黄恺室内设计平面布局户型优化核心班（方案设计系统）,¥8922.22,139人购买
艾巴优教育,【艾巴优教育VIP正式班】软装设计师培训系统课程,¥5162.22,41人购买
绍涵老师,职场表达和PPT全系列通关班,¥477.22,52人购买
今日有学课堂,ps作业点评课（二班）,¥2.23,8474人购买
上堂课公考,【上堂课】公考笔试班,¥676.22,3人购买
V研客考研在线教育,姜晓千| 2022考研数学系统班,¥816.22,57人购买
今日有学课堂,ps作业点评课（一班）,¥2.23,8691人购买
为课教育,摄影后期大神班,¥3977.22,3137人购买
GIS思维,ArcGIS 10.X 入门实战视频教程（GIS思维）,¥16.22,3605人购买
V研客考研在线教育,姜晓千 2022考研数学系统班数学一/三,¥876.22,30人购买
艾巴优教育,CAD绘图0基础快速入门/施工图制图,¥576.22,8832人购买
今日有学课堂,商业插画全套VIP课程,¥0962.22,5054人购买
秋凌景观设计学院,方案设计进阶研修班（实际项目实战、一对一指导）,¥8376.22,419人购买
合尚教育,【VIP】CG日韩班-【合尚教育】,¥8412.22,184人购买
益韧培训,2021年二建建筑全科无忧班二级建造师基础精讲真题解析,¥976.22,5人购买
魔贝课凡,SEO到底咋做？搜索引擎优化总监实战VIP课堂【透析2020最新案例】,¥0977.22,5万人购买
叶子学堂,创作设计课-游戏UI就业班体系课程，全人群适合【叶子学堂】,¥9922.22,3512人购买
艾巴优教育,【艾巴优教育】Corona5.0商业写实效果图/灯光/材质/CR渲染教程,¥5262.22,3085人购买
启航先锋网校,青海医学统招专升本-生理学考试通关精讲班(名师授课),¥577.22,30人购买
软谋教育,Web前端高薪就业与实战提升VIP班【软谋教育】,¥9077.22,3492人购买
卓尔谟教育,KeyShot 10 工业产品设计产品高级渲染班,¥5122.22,362人购买
好机友摄影 雷波,6D2摄影从入门到精通,¥876.22,50人购买
中艺影像,【修图】从小白到大神——摄影后期晋级全集/亮亮/录播/中艺,¥577.22,8602人购买
小码哥教育,iOS底层原理班-大神MJ精选,¥0062.22,866人购买
晴教育,1Z行测直播—图形推理【晴教育公考】2021公务员省考,¥522.22,5042人购买
原画人在线学院,原画人MOBA角色设计3期【猫舌】,¥0772.22,66人购买
武汉比屋教育科技有限公司,java基础/hadoop/spark/flink/数据库/数仓/实时分析,¥77.22,6人购买
原画人在线学院,原画人零基础入门19期【X7、星奇】,¥0272.22,933人购买
深圳学程教育,2020二建《市政+两门公共课》全套课程,¥836.22,2人购买
上课铃教育,2021高中数理化一轮复习大合辑,¥9174.22,2人购买
米你课堂,PS+AI软件零基础到实训【vip基础课】,¥5576.22,5775人购买
原画人在线学院,原画人绘画进阶17期【玉梨子、喜娃】,¥0472.22,75人购买
原画人在线学院,原画人绘画进阶17期【玉梨子、喜娃】,¥0472.22,75人购买
云艺帆教育,室内全屋定制家具效果图3D全景效果图720全景效果图建模材质灯光,¥3962.22,567人购买
魔贝课凡,淘宝电商无货源开店|店群蓝海裂变爆款选品实战,¥3476.22,80人购买
欧亚法苑（北京）文化传播有限公司,李峣：招投标全流程法律实务及典型案例分析,¥577.22 ¥876,1人购买
江西高校教育文化发展有限公司,高校教育2021江西教招《教育综合知识》精讲,¥5362.22,995人购买
峰源教育,【北京峰源】注册结构专业考试【导学班】2020年,¥577.22,9713人购买
知了CG,知了CG解答教室,¥7.72,547人购买
云艺帆教育,服装设计-CorelDRAW服装设计精品课,¥06.22,580人购买
太阁网络学院,【太阁】2021年软考网工冲刺强化班,¥3972.22,368人购买
马哥教育,马哥教育2021Python运维自动化高级进阶班,¥7622.22,857人购买
菜子学院,初级会计职称-习题班：经济法基础,¥376.22,8161人购买
刘老师“慢”数学课堂,自考线性代数精品组合（2021年4月）,¥877.22,1人购买
柒点半教育,计算机二级C语言系列课程[含公共基础][送指导],¥52.22,93人购买
小任老师,2021软考-系统集成项目管理工程师上午历年真题解析视频(第三期),¥77.22,934人购买
齐论拼多多学院,【齐论拼多多/专注电商培训】优质关键词组装标题引爆流量,¥7.72,7人购买
尚政公考,冲刺-2020国考高频考点精讲【尚政公考】,¥477.22,10人购买
艾巴优教育,（正式班）3DMAX效果图室内外设计（从零到精通）艾巴优教育,¥8162.22,3万人购买
金伟博教育,沪教牛津版七年级英语上下册精讲合集（精讲+音标）,¥5566.22,2人购买
绘梦CG学院,大神教你轻松学插画—日系Q版到写实古风 · 匪萌十月基础课,¥5052.22,1461人购买
365精通数学,七年级上新课学习-青岛版-详解版,¥07.22,2人购买
齐论拼多多学院,【齐论拼多多/专注电商培训】三步打造拼多多高点击率创意图,¥7.72,59人购买
云艺帆教育,CAD制图全能【第二阶段.实战班】,¥162.22,0260人购买
齐论拼多多学院,【齐论拼多多/专注电商培训】仅需3步新手快速发布高权重宝贝,¥7.72,55人购买
齐论拼多多学院,【齐论拼多多/专注电商培训】拼多多爱逛街活动阶梯式玩法,¥7.72,6人购买
齐论拼多多学院,【齐论拼多多/专注电商培训】拼多多爱逛街活动阶梯式玩法,¥7.72,6人购买
summer课堂,2021年软考网络工程师视频课程套餐（精讲班+真题班）,¥377.22,80人购买
菜子学院,初级会计职称-习题班：实务,¥376.22,8161人购买
全方位教育[老唐],2022-全方位教育重庆专升本文科全程VIP班,¥5377.22,1人购买
鲁班学院,【严选课程】Java架构师VIP课程,¥7662.22,6189人购买
峰源教育,【北京峰源】减震结构设计实战班,¥5777.22,357人购买
全方位教育[老唐],2022-全方位教育重庆专升本理科全程VIP班,¥5377.22,9人购买
牙典教育,金典班-2021口腔执业/助理医师金典班-牙典教育,¥8862.22,08人购买
光影学院,摄影后期进阶实战班,¥8162.22,5196人购买
瑞云学堂,2020年中级会计师职称考试【中级会计经济法-精讲班】 名师授课,¥376.22,127人购买
为课教育,商业人像高级课录播,¥3977.22,510人购买
本设教育,【平面方案解析】不同户型室内平面方案优化思路分享,¥7.72,5578人购买
巧匠课堂,商业插画实战班,¥8962.22,3926人购买
牙典教育,通关班-2021口腔执业/助理医师笔试通关班-牙典教育,¥5762.22,020人购买
合尚教育,【VIP】漫画基础造型课程【合尚教育】,¥3862.22,3105人购买
魔贝课凡,魔贝seo课程VIP基础班快速入门,¥5777.22,5578人购买
齐论拼多多学院,【齐论拼多多/专注电商培训】5分钟制作黄金标题引爆访客翻5倍,¥7.72,84人购买
峰源教育,【北京峰源】装配式结构设计实战班,¥5777.22,5270人购买
菜子学院,2021年税务师-财务与会计精讲班（录播课）,¥076.22,582人购买
品格设计课堂,平面设计快速提升冲刺预习班【品格课堂】,¥77.22,5050人购买
好机友摄影 雷波,5D3摄影入门到精通,¥876.22,3人购买
润木艺术,【VIP】《素描石膏像》画画/绘画/美术/素描基础/人像/高考/造型,¥5976.22,343人购买
菜子学院,中级会计职称-名师精讲班：经济法,¥771.22,0778人购买
渡一教育,《随堂练习》,¥3.22,573人购买
全栈开发者阿耿,小程序云开发上线你的AI拍照识花小程序,¥77.22,0人购买
菜子学院,【2021年中级】-财务管理预习班,¥876.22,8878人购买
柠檬班,软件测试-全网独家iOS自动化测试实战,¥076.22,5303人购买
牙典教育,无忧班-2021口腔执业/助理医师全程无忧班-牙典教育,¥3362.22,5358人购买
原画人在线学院,原画人欧美角色11期 【第九但丁】,¥0772.22,592人购买
牙典教育,无忧班-2021口腔执业考试报名学习一站式-牙典教育,¥9922.22,30人购买
六星教育,PHP-Thinkphp5.1框架零基础快速入门【六星教育】,¥7.72,154人购买
三玖教育,第一阶段-UG画图班,¥3.22,5989人购买
柠檬班,"Fiddler抓包工具-全网最全最细教程,没有之一【软件测试】",¥2.23 ¥577,6041人购买
三玖教育,第二阶段-UG编程参数班,¥52.22,5408人购买
动脑学院,【就业优选】Java全栈就业班/零基础/项目实操/动脑学院/推荐就业,¥53662,68人购买
聚心恒教育,2020C4D/电商设计 PS美工设计 立体三维3D效果 高级实战班-聚心恒,¥3922.22,8700人购买
图灵学院,【图灵VIP课堂】2020最新JAVA百万年薪P7架构黄埔班（持续更新）,¥6762.22,69人购买
君虹教育,（三期）新设计全能班,¥0762.22,572人购买
乐搏TestPro,【乐搏】软件测试-性能测试全栈课程Loadrunner/jmeter,¥8776.22,598人购买
君虹教育,（四期）新设计全能班,¥0762.22,05人购买
瑞云学堂,【50课时过初级-揭秘千道密押题】初级会计名师押题真题原题密卷,¥866.22,796人购买
巨鼎皇教育 ,淘宝新手运营直通车新手入口基础操作免费流量获取,¥5.22,1人购买
马士兵教育,基础语法+爬虫【马士兵教育】,¥5162.22,79人购买
菜子学院,初级会计职称-精讲班：经济法基础,¥076.22,3967人购买
米你课堂,电商设计实战就业班第15期,¥8622.22,9371人购买
刘本胜,2021护资辅导一条龙,¥011.22,8830人购买
六星课堂,PHP小白零基础入门【六星教育】,¥9.92,4人购买
杜从文,vue-element-admin从入门到进阶实战,¥537.22,56人购买
峰源教育,【北京峰源】安装造价实战之（给排水+暖通）,¥676.22,0908人购买
菜子学院,【2021年CPA】会计私教保过班,¥8862.22,3人购买
三玖教育,第三阶段-UG编程实战班,¥52.22,5103人购买
百艺汇聚 ,就业-职业角色动画课02重心平衡阶段【百艺汇聚】,¥3822.22,363人购买
云普集教育,3D游戏模型完整案例直播体验课,¥9.22,94人购买
六星课堂,C++一秒排雷工具开发项目体验课,¥7.72,33人购买
渡一教育,Web前端VIP体验课,¥7.72,91人购买
SPOTO思博网络,HCIP直播课 华为认证网络工程师+项目实战【SPOTO思博】,¥3772.22,180人购买
江西高校教育文化发展有限公司,高校教育2021江西教招学科专业——小学语文,¥5562.22,94人购买
畅格财税,工业企业真账实操：成本核算、成本分析、成本控制,¥522.22,5013人购买
菜子学院,【2021年CPA】会计无忧通关班,¥3362.22,35人购买
易道云学院,C语言/C++全栈开发高薪就业实战（MFC/QT/服务器/音视频/物联网）,¥9362.22,83人购买
牛丫头,2021年注册消防工程师课程,¥8222.22,2人购买
起步造价课堂,（二）市政工程造价案例【起步造价】,¥3477.22,5629人购买
云学贝教育,3Dmax2020完全零基础入门系统教程,¥7.72,0608人购买
聚心恒教育,新2021（大师班）3期,¥9462.22,67人购买
柠檬班,Jmeter性能先导课【含实战】柠檬班VIP学员专享（限指定课程）,¥0922.22,3039人购买
聚心恒教育,新2021（大师班）5期,¥9462.22,2人购买
牙典教育,牙典教育-2021口腔执业/助理医师笔试百分计划直播,¥977.22,5198人购买
润木艺术,【VIP】素描基础（强化）几何静物 美术基础/绘画/结构色调,¥3576.22,821人购买
乐仿,Adams2016应用及操作,¥9.22,5977人购买
松勤软件测试,【松勤】2分钱买900分钟jmeter性能测试实战/软件测试,¥2.23 ¥977,6977人购买
聚心恒教育,新2021（全能班）3期,¥6762.22,589人购买
聚心恒教育,新2020 高端设计法则 设计思路提升班,¥5662.22,3068人购买
云普集教育,三维模型大咖分享会【云普集教育】,¥2.77,300人购买
知行一教育,UI设计特训营/UI设计全栈班/全链路UI设计/GUI设计/WEB UI设计/,¥8562.22 ¥8962,066人购买
为课教育,PS摄影后期基础强化班 为课网校,¥122.22,3194人购买
易课教育,易课教育：自媒体原创视频秘籍0基础小白,¥2.66,56人购买
云艺帆教育,CDR X8零基础到实战全面精通课程,¥522.22,02人购买
掌控安全学院,6节课学会SQL注入/Web安全/kali/黑客信息安全/网络安全/渗透,¥7.62,587人购买
易课教育,易课教育：短视频入门学习自媒体运营0基础,¥2.66,57人购买
聚心恒教育,新2021（大师班）4期,¥9462.22,93人购买
恩维客教育,【恩维客教育】VIP室内设计效果图表现3DMAX高级建模班,¥5662.22,4033人购买
聚心恒教育,新2021（全能班）5期,¥6762.22,2人购买
云艺帆教育,Solidworks2018零基础到全面精通,¥576.22,331人购买
菜子学院,2021年税务师-税法（一）精讲班（录播课）,¥076.22,583人购买
聚心恒教育,新2021（全能班）4期,¥6762.22,67人购买
云普集教育,3Dmax/maya/zbrush软件教学，案例项目实战，大咖在线直播教学,¥2.77,3243人购买
艾巴优教育,（精品推荐）3DMAX2020建模0基础一天快速入门,¥77.22,59万人购买
仁厚教育,【3DMAX通关秘籍】3dmax建模效果图入门到精通教程,¥7.72,629人购买
黄埔课堂,真正的Java高级工程师实战课程,¥3762.22,811人购买
云尚学院,运营实战揭秘,¥52.22,35人购买
太阁网络学院,【太阁】林Sir带你两个月学会HCIP-华为精选课,¥8266.22,586人购买
聚心恒教育,C4D /电商设计 PS美工设计 立体三维3D效果 高级实战班-聚心恒,¥3922.22,8874人购买
京峰教育,吴光科—Shell从入门到精通,¥2.23,810人购买
金伟博教育,外研版九年级上册英语合集（精讲+词组+句型+音标）,¥5156.22,2人购买
云启造价,【云启造价】快速让你学会全流程精讲(决策设计招投标施工竣工),¥877.22,981人购买
江西高校教育文化发展有限公司,高校教育2021江西教招《幼儿教育综合知识》直播课,¥5562.22,509人购买
齐论京东学院,【齐论京东VIP学习卡】2021京东流量起爆最新玩法,¥8777.22,8546人购买
王启存,中高级打包课程,¥777.22,45人购买
艾巴优教育,室内设计常用软件安装及激活教程,¥5.22,52人购买
马哥教育,跟马哥学技能3天吃透Prometheus,¥677.22,8249人购买
马士兵教育,Python全栈开发,¥53762,359人购买
金渡教育,WEB前端涨薪精英班（精选面试+vue企业级项目）,¥6776.22,2人购买
渡一教育,Java权威零基础入门+底层原理知识扩展,¥777.22,8993人购买
SPOTO思博网络,CCIE理论直播课 CISCO思科认证网络工程师【SPOTO思博】,¥52622,909人购买
中欣网校,会计初级职称|初级会计2020|初级会计实务+经济法基础|冲刺班,¥5.22,562人购买
马士兵教育,基础语法+办公自动化+爬虫+数据分析【马士兵教育】,¥9532.22,899人购买
峰源教育,【北京峰源】初中级钢结构设计实战班（门刚、钢框架、网架桁架）,¥3577.22,0938人购买
好机友摄影 雷波,A6000摄影入门到精通,¥576.22,0人购买
掌控安全学院,掌控-木马实战Web安全/kali/黑客信息安全/网络安全渗透linux运维,¥2.52,561人购买
峰源教育,北京峰源注册结构考试赠送课（高层及复杂高层结合实际案例讲解）,¥77.22,9868人购买
亿启教育,亿启教育达芬奇 牛散涨停俱乐部,¥5.22,54人购买
图灵学院,NIO与高性能框架Netty从入门到源码剖析,¥77.22,3742人购买
中欣网校,会计初级职称|初级会计师|初级会计实务+经济法基础|会计学精讲,¥5.22,507人购买
百艺汇聚 ,就业-职业角色动画课05口型表情与台词表演【百艺汇聚】,¥3722.22,323人购买
掌控安全学院,掌控-小白如何学安全Web安全/kali/黑客信息安全/网络安全渗透,¥2.52,549人购买
渡一教育,《领跑课堂》,¥3.22,544人购买
掌控安全学院,掌控-XSS实战/Web安全/kali/黑客信息安全/网络安全渗透linux运维,¥2.52,304人购买
职坐标,Web前端开发之仿淘宝图片左右切换【职坐标】,¥9.22,68人购买
云普集教育,次世代游戏提升班【云普集教育】,¥1362.22,5980人购买
掌控安全学院,掌控-提权篇Web安全/kali/黑客信息安全/网络安全渗透linux运维,¥2.52,586人购买
掌控安全学院,掌控-SQL注入Web安全/kali/黑客信息安全/网络安全渗透linux运维,¥2.52,389人购买
菜子学院,2019年中级经济法精讲班,¥976.22,0849人购买
云普集教育,3D游戏建模次世代基础班【云普集教育】,¥5662.22,5948人购买
仁厚教育,Sketchbook Pro（SKB）手绘软件安装和激活,¥5.22,302人购买
启程学院,安装造价实战VIP直播3班-安装工程造价案例实操【启程学院】,¥5577.22,5万人购买
渡一教育,Web前端高级工程师培养计划 LEVEL ONE,¥4377.22,077人购买
云艺帆教育,CAD教程CAD2013零基础入门到精通CAD制图CAD绘图CAD入门CAD建模,¥77.22,64人购买
松勤软件测试,软件测试之python自动化测试（web/app/接口自动化/自动化框架）,¥1462.22,8481人购买
仁厚教育,3Dmax建模室内设计效果图速成（从零到高级）持续更新,¥7.72,184人购买
艺服教育,女装结构工程课程,¥0862.22,54人购买
合尚教育,【VIP】速写基础-传统向漫画向【合尚教育】,¥5862.22,181人购买
菜子学院,【2020初级】绝密押题特训营,¥877.22,0482人购买
牙典教育,牙典教育-2022口腔执业/助理医师vip基础精讲班,¥8762.22,51人购买
嗨森课堂,黑白文艺风,¥7.72,361人购买
仁厚教育,3DMAX效果图软件和Vray渲染器安装步骤与激活方法（通用）,¥5.22,9162人购买
刘老师“慢”数学课堂,自考线代+概率论组合,¥186.22,3人购买
咕泡教育,大数据Spark实战训练营/3天掌握Spark京东电商实战案例,¥577.22,173人购买
晴教育,1Z行测直播—片段阅读【晴教育公考】2021公务员省考,¥522.22,5019人购买
合尚教育,【VIP】彩铅系统课程-基础阶段【合尚教育】,¥5862.22,966人购买
仁厚教育,室内设计教程-最新方案优化设计全套流程及SKB的使用【随到随学】,¥7.72,9656人购买
云普集教育,3D游戏模型VIP完整精品合集,¥2.77,318人购买
仁厚教育,CAD2021速成班【零基础入门到精通】,¥2.23 ¥52,3517人购买
艾巴优教育,室内设计风格解析-港式轻奢及北欧-艾巴优教育,¥376.22,3526人购买
仁厚教育,家装设计方案优化系统课程（户型改造、设计思路、SKB手绘）,¥7.72,3485人购买
拓薪教育,Java基础阶段,¥5762.22,41人购买
战翼CG文化教育,【直播】零基础绘画入门课-日系风格-战翼大丸老师,¥5362.22,551人购买
金渡教育,跳槽季面试大礼包【金渡教育】,¥3577.22,42人购买
拓薪教育,电商设计实战就业班+手把手淘宝店铺装修+就业简历指导,¥8877.22,032人购买
东湖教育,Proe/Creo零基础快速入门到实战精通,¥2.52,74人购买
马士兵教育,基础语法+办公自动化+数据分析【马士兵教育】,¥8312.22,52人购买
菜子学院,【优悠】初级经济法基础精讲回放,¥876.22,326人购买
绘梦CG学院,大神教你学插画VIP—古风插画特训班,¥8012.22,1595人购买
巧匠课堂,巧匠电商设计蜕变,¥8962.22,0318人购买
菜子学院,"【2021年CPA】四科联报私教保过C-会计,财管,审计,战略",¥55477,2人购买
享学课堂,BAT大厂面试题深度解析：JVM GC调优实战与Java内存模型,¥577.22,5056人购买
菜子学院,【2021年中级】-经济法预习班,¥876.22,3785人购买
野马设计学院,野马学院【色彩搭配】VIP高级实战课程,¥5062.22,0273人购买
合尚教育,【VIP】CG原画/插画基础班,¥8162.22,3128人购买
柠檬班,软件测试之robotframework自动化测试框架从入门到项目实战4-1期,¥3122.22,3295人购买
IT全明星,"web前端后端数据库全套课程（web前端,mysql,Javaweb）",¥477.22,53人购买
贺斌,2021Office 办公软件实战班 线下面授 全程指导,¥3222.22,535人购买
拓薪教育,Java互联网架构师之路/微服务/高性能/分布式/底层源码/高并发,¥1677.22,511人购买
云学贝教育,3天集训，名师带班，突破方案固化思维，成为一名优秀的设计师,¥2.52,1767人购买
华清陈工培训,2020年环保专业专题提高班含19年视频（两年制）,¥3862.22,5人购买
享学课堂,【严选课程】Java互联网架构师系统进阶课程（VIP） 【享学课堂】,¥6762.22,7956人购买
艺服教育,女装制版全套深造技术课程包,¥9179.22,037人购买
马哥教育,2021马哥全新Linux云计算就业+架构套餐班,¥7622.22,862人购买
米你课堂,超级C4D提升进阶第十三期【VIP】,¥8477.22,8545人购买
吾思教育,UGNX各版本软件远程安装（包安装好）,¥7.72,34人购买
抵岸教育,21年下半年-行测申论系列课,¥5712.22,5人购买
绘梦CG学院,插画背景特训课——手把手教你画现代、古风背景,¥5976.22,339人购买
启程学院,土建造价实战VIP直播3班-土建工程造价案例实操【启程学院】,¥5577.22,8300人购买
云艺帆教育,平面版式设计特战营,¥5122.22,5315人购买
启程学院,二级建造师-建设工程施工管理【启程学院】,¥177.22,969人购买
咕泡教育,"MySQL索引/锁的机制原理,MySQL数据库调优优化,java高级架构-咕泡",¥77.22,773人购买
米你课堂,绘画基础【VIP】,¥5762.22,6451人购买
菜子学院,财务主管启航实训班,¥3777.22,00人购买
峰源教育,【北京峰源】一级注册结构/岩土基础考试(公共+专业基础)培训班,¥5877.22,1033人购买
合尚教育,【VIP】商业插画基础班【板绘】,¥3322.22,3502人购买
亿启教育,亿启教育 涨停出击 看龙虎抓涨停绝技 第一期,¥8.22,3人购买
艾巴优教育,【小班授课】3Dmax商业建筑动画正式班-艾巴优教育,¥3862.22,3140人购买
鼎典教育,PLC西门子S7-200smart编程实战班,¥776.22,317人购买
米你课堂,PS/Ai软件零基础到实训班级,¥5576.22,4631人购买
松勤软件测试,全栈实战班133期,¥4162.22,85人购买
米你课堂,全链路UI/UXD设计就业班（移动端）,¥8722.22,9899人购买
野马设计学院,字体设计方法及实战,¥762.22,3934人购买
亿启教育,亿启教育精选特色股票视频教程,¥9.22,36人购买
启航先锋网校,江苏医学统招专转本-生理学考试通关精讲班(名师授课),¥577.22,33人购买
高正教师,2021重庆教师招聘考试-笔试系统定制班（幼儿）,¥5162.22,2人购买
米你课堂,平面实战高薪就业班（中级班）,¥3022.22,8449人购买
松勤软件测试,全栈实战班135期,¥4162.22,87人购买
峰源教育,【北京峰源】高层结构设计实战班（剪力墙、框剪、框支等）,¥3577.22,3464人购买
亿启教育,亿启教育叮叮遁去的试学课,¥6.66,59人购买
轻筑学院,【轻筑学院】方案/植物/软件体验课,¥7.72,68人购买
summer课堂,夏老师门徒课程套餐【体系化解决专家课程】,¥8777.22,3人购买
仁厚教育,室内设计CAD施工图规范绘制【快速入门到精通】随到随学,¥7.72,0917人购买
启航先锋网校,山西统招专升本大学数学-常考题库密训班(极速提分),¥366.22,90人购买
仁厚教育,室内设计风格全套详解【欧式、中式、古典、美式、现代、简约等】,¥7.72,8827人购买
小任老师,2021年软考系统规划与管理师--综合知识精讲视频,¥007.22,9人购买
享学课堂,NDK模块开发-VIP专用,¥0762.22,8124人购买
逻辑教育,iOS 最具学习潜力框架—Metal 图形处理入门,¥7.72,339人购买
启航先锋网校,河北统招专接本高等数学-常考题库密训班(极速提分),¥366.22,94人购买
软帝学院,Java经典游戏开发-全民飞机大战,¥7.72,3017人购买
朱仕平,Excel Power Query 第3季视频教程 M语言进阶高级应用【朱仕平】,¥576.22,803人购买
启程学院,安装造价实战VIP直播4班-安装工程造价案例实操【启程学院】,¥5577.22,5281人购买
柠檬班,软件测试新手零基础快速入门/拿下offer【柠檬班】,¥2.23 ¥177,5万人购买
护考猫,护考猫2021主管护师考试《取证无忧班》,¥5976.22,55人购买
卓尔谟教育,产品设计C4D商业渲染班/高级产品商业渲染【卓尔谟教育】,¥0222.22,19人购买
聚心恒教育,AI 电商美工/平面设计 包装 LOGO 手绘 印刷 基础到高级 ps实战班,¥762.22,1957人购买
菜子学院,26天初级急救逆袭班,¥976.22,141人购买
云财网校,初级会计职称初级会计师初级会计实务教材精讲,¥77.22,78人购买
菜子学院,"【2021年CPA】四科联报无忧通关B-会计,财管,审计,税法",¥6977.22,3人购买
松勤软件测试,全栈实战班134期,¥4162.22,69人购买
特斯汀学院,软件测试-高级软件测试开发打包课程【特斯汀学院】,¥4662.22,2人购买
小任老师,2021软考--软件设计师-上午历年真题解析视频（第三期）,¥507.22,374人购买
渡一教育,前端权威0基础入门 + Web百大项目案例,¥777.22,52万人购买
菜子学院,【2021年中级】-实务精讲班,¥771.22,8009人购买
轻筑学院,五类景观设计+高薪作品集+一年陪伴教学+每天作业反馈+一对一辅导,¥9162.22,1753人购买
蜜蜂优课,2021高考数学百日冲刺联报班,¥3562.22,51人购买
米你课堂,【直播】PS零基础到实战速成班,¥2.77,8890人购买
起步造价课堂,（二）土建工程造价案例【起步造价】,¥8977.22,6467人购买
武汉比屋教育科技有限公司,Java互联网架构师高薪实战课,¥5777.22,5人购买
小码哥教育,恋上数据结构与算法(合辑)-MJ大神精选,¥8802.22,77人购买
柠檬班,软件测试从小白到高手全程班【柠檬班】第82期,¥4162.22,629人购买
逻辑教育,iOS进阶开发与底层原理,¥7.62,12人购买
云启造价,【云启造价】土建新人造价基础套餐/识图算量/电算手算/清单组价,¥577.22,5203人购买
武汉市聪慧教育科技有限公司,GTJ2018电算、平法VIP,¥0376.22,5人购买
渡一教育,Web前端高级工程师培养计划 第十九期 LEVEL ONE【渡一教育】,¥4377.22,578人购买
三玖教育,UG编程就业实战班,¥2.62,523人购买
菜子学院,【2021年CPA】四科联报无忧通关班,¥6977.22,38人购买
渡一教育,Java权威零基础入门-精品demo案例【渡一教育】,¥777.22,4万人购买
原画人在线学院,原画人东方风精品设计2期【彭倩】,¥9072.22,61人购买
逻辑教育,移动端应用安全初探,¥5.22,3534人购买
菜子学院,【2021年CPA】六科联报无忧通关班,¥53777,92人购买
吾思教育,运动仿真+有限元分析CAE新手体验视频,¥5.62,067人购买
柠檬班,软件测试工程师必备之Java编程0基础入门自动化测试【柠檬班】,¥2.23 ¥16,5528人购买
菜子学院,2021年税务师-涉税服务相关法律精讲班（录播课）,¥076.22,585人购买
三玖教育,UG编程实战讲解-7天试学班,¥6.62,373人购买
菜子学院,【2021年CPA】六科联报口碑持证班,¥6877.22,552人购买
畅格财税,会计实操上岗：2019年一般纳税人全盘账与报税,¥977.22,621人购买
启程学院,三层综合办公楼（量筋合一）-土建工程造价案例实操【启程学院】,¥677.22,1067人购买
秋凌景观设计学院,秋凌景观CAD施工图设计课程,¥3376.22,555人购买
战翼CG文化教育,【直播】战翼韩系商业插画 - 小天老师,¥0262.22,942人购买
太阁网络学院,【太阁前端】Vue.js进阶专题课,¥8166.22,35人购买
云普集教育,游戏动作特效班【云普集教育】,¥3362.22,86人购买
菜子学院,【2021年CPA】四科联报口碑持证班,¥9377.22,57人购买
起点学院,90天B端产品经理实战班，成为产业互联网时代的抢手人才,¥8077.22,680人购买
微课网,高中高一化学必修最新课改鲁科版,¥342.22,2人购买
山本教育,服装设计服装打板服装纸样教程服装CAD3D打版CLO3D打印山本教育,¥2.32,84人购买
云艺帆教育,UG数控编程UG编程实战就业班,¥8262.22,1211人购买
云普集教育,3D传统游戏手绘场景班【云普集教育】,¥3662.22,5337人购买
不惑教育 ,【预习资料】技术实务,¥177.22,9930人购买
博建教育,消防设施操作员中级、高级连读班,¥1662.22,2人购买
魔贝课凡,外贸SEO优化推广 Google SEO（谷歌seo） Bing必应 搜索引擎优化,¥8176.22,5406人购买
华测教育,高级软件测试开发工程师系列课,¥52262,35人购买
室内设计联盟,sketchup草图大师| 建模| layout施工图| Enscape渲染|入门到精通,¥192.22,136人购买
仁厚教育,室内设计方案优化/户型设计精选教程【随到随学】,¥7.72,5084人购买
瑞云学堂,【2科全套】2020初级会计师职称实务+经济法 教材 讲义 题库 密卷,¥076.22,959人购买
仁厚教育,酷家乐效果图工具全知道【室内设计篇】,¥7.72,5337人购买
江西高校教育文化发展有限公司,高校教育2021江西教招学科专业——音乐,¥5562.22,83人购买
湖南豪创教育科技有限公司,UG/CAD模具设计全面案例高端课程,¥0962.22,4人购买
叶子学堂,项目实战课-游戏UI就业班体系课程，全人群适合【叶子学堂】,¥0222.22,5670人购买
图灵学院,金三银四-大厂Redis高并发架构与源码深度剖析,¥77.22,5233人购买
菜子学院,【2021年CPA】经济法入门班,¥176.22,391人购买
小任老师,2021年软考信息系统监理师--基础知识视频课程,¥877.22,59人购买
卓尔谟教育,Rhino7/ KeyShot9工业产品设计犀牛建模渲染进阶班【卓尔谟教育】,¥8122.22,795人购买
嗨森课堂,【直播】2021-PS摄影后期基础入门,¥662.22,5216人购买
秋凌景观设计学院,秋凌景观植物设计专业班,¥3376.22,507人购买
杭州创行电子商务有限公司 ,直通车系列课-如何高效利用直通车洗店铺人群标签,¥7.72,54人购买
湖南豪创教育科技有限公司,UG/CAD模具设计零基础系统课程,¥3962.22,2人购买
新阁教育,零基础学习GDI+控件开发【新阁教育】,¥76.22,5276人购买
菜子学院,【2021年CPA】六科联报不过退费班,¥54777,85人购买
艺服教育,特别合适零基础小白宝妈业余爱好者学习的零基础服装打版制版课程,¥8776.22,825人购买
今日有学课堂,商业插画/插画设计/插画/板绘/手绘/PS插画/设计,¥2.23,341人购买
卓尔谟教育,工业产品设计CMF设计必学实战课,¥022.22 ¥622,576人购买
北京学神IT教育,全国独家揭秘-Centos服务器渗透绝杀技巧-错过后悔一辈子,¥2.23,3900人购买
武汉市聪慧教育科技有限公司,广联达GTJ2018建模VIP,¥8176.22,93人购买
VipSkill,P2【商业级MMORPG大型网游】Unity全栈开发,¥1666.22,048人购买
蒋老师过级,2021年5月、9月、12月全国计算机二级Office通关vip教程,¥47.72,7302人购买
杭州创行电子商务有限公司 ,直通车系列课--单计划极致优化,¥7.72,4人购买
准优课堂,立体几何中平行、垂直、角、距离方法突破提分宝典,¥52.22,53人购买
东湖教育,Proe/Creo基础入门到实战精通,¥2.52,340人购买
峰源教育,【北京峰源】隔震结构设计实战班,¥5777.22,567人购买
云财网校,零基础学做账报税+用友T+软件+实操练习系统,¥887.22,0人购买
艾巴优教育,CAD施工图识图及彩平绘制技巧-艾巴优教育,¥377.22,8233人购买
新阁教育,.NET/C#工控上位机VIP系统学习班【新阁教育】,¥1377.22,42人购买
马哥教育,消息队列与微服务训练营,¥376.22,149人购买
华宇万维,2020电冰箱维修全套课程,¥076.22,52人购买
东湖教育,三天学会PROE/CREO,¥5.22,92人购买
学霸熊,【日本文化班】日语进阶知识,¥2.23,540人购买
峰源教育,【北京峰源】安装造价之(建筑电气+招投标）专项实战班,¥5296.22,0151人购买
王老师,Mastercam 2021+2019,¥37.22,8人购买
米你课堂,超级C4D基础班第十五期【VIP】,¥977.22,5626人购买
北京学神IT教育,Kali渗透安全高级工程师进阶班,¥0772.22,999人购买
灵犀教育,C#/.Net全栈VIP课程(MVC/Webapi/Vue/Winform/Dev/SQL),¥0177.22,88人购买
云普集教育,行业高薪解读【云普集教育】,¥5.22,952人购买
菜子学院,【菜子学院】2020初级双科完整录播,¥877.22,4208人购买
新阁教育,基于.NET三层+高级SQL开发图书借阅系统,¥356.22,837人购买
晴教育,1Z行测直播——资料分析【晴教育公考】2021公务员省考,¥522.22,5017人购买
本设教育,线稿彩平方案/室内设计/户型优化/方案设计/谈单预算/材料工艺,¥5.22,839人购买
小木老师,日语VIP体验课,¥5.22,55人购买
老男孩IT教育,大厂安全运营实战/安全法/渗透测试/代码审计/等保测评,¥9762.22,46人购买
享学课堂,“金三银四”一线大厂面试专题,¥3562.22,6346人购买
野马设计学院,Adobe Illustrator【AI】软件零基础到精通工作实战演习,¥122.22,0773人购买
软谋教育,Web前端之ES6从入门到项目实战,¥577.22,353人购买
腾讯课堂NEXT学院,【NEXT学位 x IMWeb】Web前端从小白到大师完整课程,¥4477.22,014人购买
稳稳,【稳稳消防】七步通关--高效学习手账,¥7.72,421人购买
艺服教育,第三期VIP一班级《女装制版全套深造技术》直播回放/服装打版制版,¥5876.22,139人购买
纯粹教育设计网校,软装设计系统方法建立室内设计概念色彩搭配之Burberry样板间解析,¥2.77,07人购买
马哥教育,Python全栈+爬虫套餐,¥9162.22,45人购买
武汉市聪慧教育科技有限公司,土建造价算量全套,¥0776.22,36人购买
北玄教育,北玄3dmax效果图0基础到高阶（优惠组合）,¥3822.22,9人购买
北玄教育,北玄3dmax效果图0基础到高阶（优惠组合）,¥3822.22,9人购买
启程学院,钢结构门式刚架+幕墙-土建工程造价案例实操【启程学院】,¥5577.22,3422人购买
准优课堂,函数奇偶性突破解读（综合专题）提分宝典,¥52.22,4人购买
光影学院,手机摄影专修班,¥162.22,558人购买
菜子学院,2021初级会计师|初级会计职称私教班【初级会计实务+经济法基础】,¥076.22,3943人购买
艺轩教育,最新 电商设计 淘宝美工 就业特训班,¥5276.22,5人购买
华清陈工培训,2021年环境影响评价师-法律法规含2020年视频回放,¥866.22,56人购买
鱼子匠教育,定金报名专用课程,¥5922.22,9人购买
云启造价,【云启造价】土建工程定额详解/充分讲解定额了解定额运用定额,¥77.22,409人购买
艾巴优教育,【艾巴优教育】室内方案设计正式班,¥5762.22,614人购买
武百分教育,武百分2021乡村全科会员班,¥5376.22,500人购买
北京学神IT教育,7天晚间全程直播告别Linux小白、避免走歪路、弃前途,¥2.23,5190人购买
松勤软件测试,2分钱500分钟selenium自动化项目实战（结合pytest框架+po模式）,¥2.23 ¥566,689人购买
为课教育,产品精修+海报合成实战班/为课教育,¥5677.22,5218人购买
云财网校,【财务报表编制+新收入准则解读】2门,¥387.22,5人购买
柠檬班,python自动化测试第37期,¥1462.22,590人购买
新阁教育,.NET/C#高级全栈开发+进阶架构VIP【喜科堂互联教育】,¥6677.22,7人购买
光影学院,摄影高级进阶VIP班,¥8362.22,5093人购买
松勤软件测试,全栈实战班130期,¥4162.22,38人购买
未来教育,2021初级会计职称基础精讲班,¥506.22,07人购买
SPOTO思博网络,华为云计算HCIE 华为认证网络工程师【SPOTO思博】,¥52622,526人购买
新阁教育,.NET/C#上位机VIP系统学习班【新阁教育】,¥1377.22,5651人购买
畅格财税,2020年 企业所得税季度+年度汇算清缴+新政策,¥536.22,3808人购买
杭州创行电子商务有限公司 ,生意参谋后台详解,¥7.72,65人购买
马士兵教育,Oracle/MySQL/MongoDB/Redis/NoSQL/NewSQL企业级调优,¥52762,5人购买
菜子学院,【2021年中级】-财务管理精讲班,¥771.22,8199人购买
米你课堂,张小白古风插画【VIP】,¥8362.22,320人购买
为课教育,人像摄影进阶录播,¥5622.22,511人购买
绘伴,9.9元副业密训营,¥7.72,6人购买
新阁教育,C#上位机快速入门系列课程【新阁教育】,¥57.72 ¥177,514人购买
柠檬班,软件测试之java全栈自动化测试【柠檬班】第21期,¥1822.22,88人购买
菜子学院,【精讲班】2020初级会计经济法基础-丹丹老师,¥376.22,690人购买
柠檬班,软件测试之java全栈自动化测试【柠檬班】第25期,¥1822.22,82人购买
GIS思维,基于eCognition的遥感影像的面向对象分类,¥17.22,77人购买
畅格财税,2019年零基础上岗：小规模手把手学手工账+电脑账实操+纳税申报,¥596.22,0372人购买
柠檬班,软件测试之java全栈自动化测试【柠檬班】第26期,¥1822.22,37人购买
吾思教育,UG/NX基础趣味案例-巴雷特(建模造型+装配设计+装配动画),¥5.62,5384人购买
柠檬班,软件测试之java全栈自动化测试【柠檬班】第27期,¥1822.22,32人购买
米你课堂,全链路UI/UXD设计就业班（网页端）,¥3022.22,0330人购买
华宇万维,开关电源入门级课程及案例实操,¥16.22,74人购买
飞鱼绘,绘本创作基础班+综合技法提升班,¥8112.22,0人购买
峰源教育,【北京峰源】超限结构分析实战班,¥3122.22,176人购买
云艺帆教育,ZBrush2018建模雕刻基础到全面精通课程,¥576.22,80人购买
上海毅祖教育信息咨询有限公司,2021注册给排水网络远程全程班,¥9362.22,052人购买
晴教育,全天行测封闭班,¥3762.22,513人购买
懒人医考,2021年中医执业医师高端班（含助理）,¥3762.22,508人购买
华宇万维,电脑芯片级维修全科,¥476.22,78人购买
菜子学院,【2021年中级】-实务预习班,¥876.22,8579人购买
